INSERT INTO `lookup_value` (`lkuvlu_id`, `lkuvlu_name`, `lkuvlu_type`, `lkuvlu_data_type`, `lkuvlu_create_date`, `lkuvlu_modify_date`)
VALUES
	(1135914704994, 'Complete', 'Attribute', 'int', '2014-05-28 13:05:23', NULL),
	(1135914704999, 'Grant', 'Attribute', 'string', '2014-05-28 13:05:23', NULL),
	(1135914705004, 'ProjectURL', 'Attribute', 'string', '2014-05-28 13:05:23', NULL),
	(1135914705009, 'Category', 'Attribute', 'string', '2014-05-28 13:05:23', NULL),
	(1135914705014, 'Project Group', 'Attribute', 'string', '2014-05-28 13:05:23', NULL),
	(1135914705019, 'Project Leader', 'Attribute', 'string', '2014-05-28 13:05:23', NULL),
	(1135914705024, 'Project Name', 'Attribute', 'string', '2014-05-28 13:05:23', NULL),
	(1135914705029, 'Project Status', 'Attribute', 'string', '2014-05-28 13:05:23', NULL),
	(1135914705034, 'Project Code', 'Attribute', 'string', '2014-05-28 13:05:23', NULL),
	(1135914705039, 'Anticipated final destination', 'Attribute', 'string', '2014-05-28 13:05:23', NULL),
	(1135914705044, 'Genus', 'Attribute', 'string', '2014-05-28 13:05:23', NULL),
	(1135914705049, 'Species', 'Attribute', 'string', '2014-05-28 13:05:23', NULL),
	(1135914705054, 'Strain', 'Attribute', 'string', '2014-05-28 13:05:23', NULL),
	(1135914705059, 'Sample Status', 'Attribute', 'string', '2014-05-28 13:05:23', NULL),
	(1135914705064, 'Organism', 'Attribute', 'string', '2014-05-28 13:05:23', NULL),
	(1135914705069, 'Taxonomy ID', 'Attribute', 'int', '2014-05-28 13:05:23', NULL),
	(1135914705074, 'Project ID', 'Attribute', 'int', '2014-05-28 13:05:23', NULL),
	(1135914705079, 'Isolate Repository Accession', 'Attribute', 'string', '2014-05-28 13:05:23', NULL),
	(1135914705084, 'Superkingdom', 'Attribute', 'string', '2014-05-28 13:05:23', NULL),
	(1135914705089, 'Isolate Repository Status', 'Attribute', 'string', '2014-05-28 13:05:23', NULL),
	(1135914705094, 'Sample Status Comment', 'Attribute', 'string', '2014-05-28 13:05:23', NULL),
	(1135914705099, 'Isolate Repository Type', 'Attribute', 'string', '2014-05-28 13:05:23', NULL),
	(1135914705104, 'Kingdom', 'Attribute', 'string', '2014-05-28 13:05:23', NULL),
	(1135914705109, 'Phylum', 'Attribute', 'string', '2014-05-28 13:05:23', NULL),
	(1135914705114, 'Order', 'Attribute', 'string', '2014-05-28 13:05:23', NULL),
	(1135914705119, 'Family', 'Attribute', 'string', '2014-05-28 13:05:23', NULL),
	(1135914705124, 'Class', 'Attribute', 'string', '2014-05-28 13:05:23', NULL),
	(1135914705129, 'annotation accession', 'Attribute', 'string', '2014-05-28 13:05:23', NULL),
	(1135914705134, 'annotation date', 'Attribute', 'date', '2014-05-28 13:05:23', NULL),
	(1135914705139, 'annotation status', 'Attribute', 'string', '2014-05-28 13:05:23', NULL),
	(1135914705144, 'sra accession', 'Attribute', 'string', '2014-05-28 13:05:23', NULL),
	(1135914705149, 'sra date', 'Attribute', 'date', '2014-05-28 13:05:23', NULL),
	(1135914705154, 'sra status', 'Attribute', 'string', '2014-05-28 13:05:23', NULL),
	(1135914705159, 'wgs accession', 'Attribute', 'string', '2014-05-28 13:05:23', NULL),
	(1135914705164, 'wgs date', 'Attribute', 'date', '2014-05-28 13:05:23', NULL),
	(1135914705169, 'wgs status', 'Attribute', 'string', '2014-05-28 13:05:23', NULL),
	(1135914705174, 'dbSNP accession', 'Attribute', 'string', '2014-05-28 13:05:23', NULL),
	(1135914705179, 'dbSNP date', 'Attribute', 'date', '2014-05-28 13:05:23', NULL),
	(1135914705184, 'dbSNP status', 'Attribute', 'string', '2014-05-28 13:05:23', NULL),
	(1135914705189, 'SNP FTP', 'Attribute', 'string', '2014-05-28 13:05:23', NULL),
	(1135914705194, 'ProjectRegistration', 'Event Type', 'string', '2014-05-28 13:05:23', NULL),
	(1135914705199, 'SampleRegistration', 'Event Type', 'string', '2014-05-28 13:05:23', NULL),
	(1135914705204, 'Annotation', 'Event Type', 'string', '2014-05-28 13:05:23', NULL),
	(1135914705209, 'Short Read Archive', 'Event Type', 'string', '2014-05-28 13:05:23', NULL),
	(1135914705214, 'WGS', 'Event Type', 'string', '2014-05-28 13:05:23', NULL),
	(1135914705219, 'SampleUpdate', 'Event Type', 'string', '2014-05-28 13:05:23', NULL),
	(1135914705224, 'ProjectUpdate', 'Event Type', 'string', '2014-05-28 13:05:23', NULL),
	(1135914705229, 'dbSNP', 'Event Type', 'string', '2014-05-28 13:05:23', NULL);


INSERT INTO `project` (`projet_id`, `projet_name`, `projet_projet_parent_id`, `projet_create_date`, `projet_actor_created_by`, `projet_actor_modified_by`, `projet_modified_date`, `projet_level`, `projet_is_public`, `projet_view_group_id`, `projet_edit_group_id`, `projet_is_secure`)
VALUES
	(1135914705234, 'testProject', NULL, '2014-05-28 13:05:23', 1135914704004, NULL, NULL, 1, 1, NULL, 4, 0);


INSERT INTO `project_meta_attribute` (`projma_id`, `projma_projet_id`, `projma_lkuvlu_attribute_id`, `projma_is_required`, `projma_options`, `projma_attribute_desc`, `projma_actor_created_by`, `projma_create_date`, `projma_modified_date`, `projma_actor_modified_by`, `projma_is_active`, `projma_label`, `projma_ontology`)
VALUES
	(1135914705239, 1135914705234, 1135914704994, 1, '0;1', 'Whether project is complete', 1135914704004, '2014-05-28 13:05:23', NULL, NULL, 1, NULL, NULL),
	(1135914705244, 1135914705234, 1135914705029, 1, 'Ongoing;Completed;Deprecated', 'Current Status of Project', 1135914704004, '2014-05-28 13:05:23', NULL, NULL, 1, NULL, NULL),
	(1135914705249, 1135914705234, 1135914705004, 0, '', 'Project Page URL', 1135914704004, '2014-05-28 13:05:23', NULL, NULL, 1, NULL, NULL),
	(1135914705254, 1135914705234, 1135914705009, 0, '', 'NIAID Category', 1135914704004, '2014-05-28 13:05:23', NULL, NULL, 1, NULL, NULL),
	(1135914705259, 1135914705234, 1135914704999, 1, '', 'Grant identifier.', 1135914704004, '2014-05-28 13:05:23', NULL, NULL, 1, NULL, NULL),
	(1135914705264, 1135914705234, 1135914705014, 0, '', 'Project group', 1135914704004, '2014-05-28 13:05:23', NULL, NULL, 1, NULL, NULL),
	(1135914705269, 1135914705234, 1135914705019, 1, '', 'Name of person leading project', 1135914704004, '2014-05-28 13:05:23', NULL, NULL, 1, NULL, NULL),
	(1135914705274, 1135914705234, 1135914705024, 1, '', 'Full project name', 1135914704004, '2014-05-28 13:05:23', NULL, NULL, 1, NULL, NULL),
	(1135914705279, 1135914705234, 1135914705034, 1, '', 'Internal Project or Grant Code', 1135914704004, '2014-05-28 13:05:23', NULL, NULL, 1, NULL, NULL),
	(1135914705284, 1135914705234, 1135914705039, 0, '', 'Data repositories upon which the project data will be publicly available', 1135914704004, '2014-05-28 13:05:23', NULL, NULL, 1, NULL, NULL);


INSERT INTO `sample_meta_attribute` (`sampma_id`, `sampma_projet_id`, `sampma_lkuvlu_attribute_id`, `sampma_is_required`, `sampma_options`, `sampma_attribute_desc`, `sampma_actor_created_by`, `sampma_actor_modified_by`, `sampma_create_date`, `sampma_modified_date`, `sampma_is_active`, `sampma_label`, `sampma_ontology`)
VALUES
	(1135914705289, 1135914705234, 1135914705044, 0, '', 'Genus Classification', 1135914704004, NULL, '2014-05-28 13:05:23', NULL, 1, NULL, NULL),
	(1135914705294, 1135914705234, 1135914705049, 0, '', 'Species Classification', 1135914704004, NULL, '2014-05-28 13:05:23', NULL, 1, NULL, NULL),
	(1135914705299, 1135914705234, 1135914705054, 0, '', 'Strain Classification', 1135914704004, NULL, '2014-05-28 13:05:23', NULL, 1, NULL, NULL),
	(1135914705304, 1135914705234, 1135914705059, 0, 'Waiting for sample;Received;Sequencing;Analysis;Closure;Completed;Deprecated', 'Sample Status', 1135914704004, NULL, '2014-05-28 13:05:23', NULL, 1, NULL, NULL),
	(1135914705309, 1135914705234, 1135914705064, 0, '', 'Full organism name', 1135914704004, NULL, '2014-05-28 13:05:23', NULL, 1, NULL, NULL),
	(1135914705314, 1135914705234, 1135914705069, 0, '', 'NCBI Taxon ID', 1135914704004, NULL, '2014-05-28 13:05:23', NULL, 1, NULL, NULL),
	(1135914705319, 1135914705234, 1135914705074, 0, '', 'NCBI Project ID', 1135914704004, NULL, '2014-05-28 13:05:23', NULL, 1, NULL, NULL),
	(1135914705324, 1135914705234, 1135914705134, 0, '', 'annotation date', 1135914704004, NULL, '2014-05-28 13:05:23', NULL, 1, NULL, NULL),
	(1135914705329, 1135914705234, 1135914705139, 0, 'Pending;Submitted;Published;Not required', 'annotation status', 1135914704004, NULL, '2014-05-28 13:05:23', NULL, 1, NULL, NULL),
	(1135914705334, 1135914705234, 1135914705149, 0, '', 'sra date', 1135914704004, NULL, '2014-05-28 13:05:23', NULL, 1, NULL, NULL),
	(1135914705339, 1135914705234, 1135914705154, 0, 'Submitted;Published;Not required', 'sra status', 1135914704004, NULL, '2014-05-28 13:05:23', NULL, 1, NULL, NULL),
	(1135914705344, 1135914705234, 1135914705164, 0, '', 'wgs date', 1135914704004, NULL, '2014-05-28 13:05:23', NULL, 1, NULL, NULL),
	(1135914705349, 1135914705234, 1135914705169, 0, 'Pending;Submitted;Published;Not required', 'wgs status', 1135914704004, NULL, '2014-05-28 13:05:23', NULL, 1, NULL, NULL),
	(1135914705354, 1135914705234, 1135914705079, 0, '', 'Isolate accession number', 1135914704004, NULL, '2014-05-28 13:05:23', NULL, 1, NULL, NULL),
	(1135914705359, 1135914705234, 1135914705084, 0, '', 'Superkingdom Classification', 1135914704004, NULL, '2014-05-28 13:05:23', NULL, 1, NULL, NULL),
	(1135914705364, 1135914705234, 1135914705089, 0, 'Registered;Pending;Not Required', 'Status of DNA respository registration', 1135914704004, NULL, '2014-05-28 13:05:23', NULL, 1, NULL, NULL),
	(1135914705369, 1135914705234, 1135914705094, 0, '', 'Comment of Sample Status', 1135914704004, NULL, '2014-05-28 13:05:23', NULL, 1, NULL, NULL),
	(1135914705374, 1135914705234, 1135914705179, 0, '', 'dbSNP date', 1135914704004, NULL, '2014-05-28 13:05:23', NULL, 1, NULL, NULL),
	(1135914705379, 1135914705234, 1135914705184, 0, 'Pending;Submitted;Published;Not required', 'dbSNP status', 1135914704004, NULL, '2014-05-28 13:05:23', NULL, 1, NULL, NULL),
	(1135914705384, 1135914705234, 1135914705099, 0, 'BEI;BCCM;STEC;NARSA;NCPF;FGSC;OTHER', 'Repository Type', 1135914704004, NULL, '2014-05-28 13:05:23', NULL, 1, NULL, NULL),
	(1135914705389, 1135914705234, 1135914705189, 0, '', 'Other link to SNP analysis', 1135914704004, NULL, '2014-05-28 13:05:23', NULL, 1, NULL, NULL),
	(1135914705394, 1135914705234, 1135914705104, 0, '', 'Kingdom Classification', 1135914704004, NULL, '2014-05-28 13:05:23', NULL, 1, NULL, NULL),
	(1135914705399, 1135914705234, 1135914705109, 0, '', 'Phylum Classification', 1135914704004, NULL, '2014-05-28 13:05:23', NULL, 1, NULL, NULL),
	(1135914705404, 1135914705234, 1135914705114, 0, '', 'Order Classification', 1135914704004, NULL, '2014-05-28 13:05:23', NULL, 1, NULL, NULL),
	(1135914705409, 1135914705234, 1135914705119, 0, '', 'Family Classification', 1135914704004, NULL, '2014-05-28 13:05:23', NULL, 1, NULL, NULL),
	(1135914705414, 1135914705234, 1135914705124, 0, '', 'Class Classification', 1135914704004, NULL, '2014-05-28 13:05:23', NULL, 1, NULL, NULL);


INSERT INTO `event_meta_attribute` (`evenma_id`, `evenma_projet_id`, `evenma_event_type_lkuvl_id`, `evenma_lkuvlu_attribute_id`, `evenma_is_required`, `evenma_desc`, `evenma_options`, `evenma_create_date`, `evenma_actor_created_by`, `evenma_actor_modified_by`, `evenma_is_active`, `evenma_modified_date`, `evenma_is_sample_required`, `evenma_label`, `evenma_ontology`, `evenma_order`)
VALUES
	(1135914705419, 1135914705234, 1135914705194, 1135914705004, 0, 'Project Page URL', '', '2014-05-28 13:05:23', 1135914704004, NULL, 1, NULL, 0, NULL, NULL, NULL),
	(1135914705424, 1135914705234, 1135914705194, 1135914705009, 0, 'NIAID Category', '', '2014-05-28 13:05:23', 1135914704004, NULL, 1, NULL, 0, NULL, NULL, NULL),
	(1135914705429, 1135914705234, 1135914705194, 1135914705014, 0, 'Project group', '', '2014-05-28 13:05:23', 1135914704004, NULL, 1, NULL, 0, NULL, NULL, NULL),
	(1135914705434, 1135914705234, 1135914705194, 1135914705019, 1, 'Name of person leading project', '', '2014-05-28 13:05:23', 1135914704004, NULL, 1, NULL, 0, NULL, NULL, NULL),
	(1135914705439, 1135914705234, 1135914705194, 1135914705024, 1, 'Full project name', '', '2014-05-28 13:05:23', 1135914704004, NULL, 1, NULL, 0, NULL, NULL, NULL),
	(1135914705444, 1135914705234, 1135914705194, 1135914705029, 1, 'Current Status of Project', 'Ongoing;Completed;Deprecated', '2014-05-28 13:05:23', 1135914704004, NULL, 1, NULL, 0, NULL, NULL, NULL),
	(1135914705449, 1135914705234, 1135914705194, 1135914705034, 1, 'Internal Project or Grant Code', '', '2014-05-28 13:05:23', 1135914704004, NULL, 1, NULL, 0, NULL, NULL, NULL),
	(1135914705454, 1135914705234, 1135914705194, 1135914705039, 0, 'Data repositories upon which the project data will be publicly available', '', '2014-05-28 13:05:23', 1135914704004, NULL, 1, NULL, 0, NULL, NULL, NULL),
	(1135914705459, 1135914705234, 1135914705199, 1135914705044, 0, 'Genus Classification', '', '2014-05-28 13:05:23', 1135914704004, NULL, 1, NULL, 1, NULL, NULL, NULL),
	(1135914705464, 1135914705234, 1135914705199, 1135914705049, 0, 'Species Classification', '', '2014-05-28 13:05:23', 1135914704004, NULL, 1, NULL, 1, NULL, NULL, NULL),
	(1135914705469, 1135914705234, 1135914705199, 1135914705054, 0, 'Strain Classification', '', '2014-05-28 13:05:23', 1135914704004, NULL, 1, NULL, 1, NULL, NULL, NULL),
	(1135914705474, 1135914705234, 1135914705199, 1135914705059, 1, 'Sample Status', 'Waiting for sample;Received;Sequencing;Analysis;Closure;Completed;Deprecated', '2014-05-28 13:05:23', 1135914704004, NULL, 1, NULL, 1, NULL, NULL, NULL),
	(1135914705479, 1135914705234, 1135914705199, 1135914705064, 1, 'Full organism name', '', '2014-05-28 13:05:23', 1135914704004, NULL, 1, NULL, 1, NULL, NULL, NULL),
	(1135914705484, 1135914705234, 1135914705199, 1135914705069, 0, 'NCBI Taxon ID', '', '2014-05-28 13:05:23', 1135914704004, NULL, 1, NULL, 1, NULL, NULL, NULL),
	(1135914705489, 1135914705234, 1135914705199, 1135914705074, 0, 'NCBI Project ID', '', '2014-05-28 13:05:23', 1135914704004, NULL, 1, NULL, 1, NULL, NULL, NULL),
	(1135914705494, 1135914705234, 1135914705199, 1135914705079, 0, 'Isolate accession number', '', '2014-05-28 13:05:23', 1135914704004, NULL, 1, NULL, 1, NULL, NULL, NULL),
	(1135914705499, 1135914705234, 1135914705199, 1135914705084, 0, 'Superkingdom Classifcation', '', '2014-05-28 13:05:23', 1135914704004, NULL, 1, NULL, 1, NULL, NULL, NULL),
	(1135914705504, 1135914705234, 1135914705199, 1135914705089, 0, 'Status of DNA respository registration', 'Registered;Pending;Not Required', '2014-05-28 13:05:23', 1135914704004, NULL, 1, NULL, 1, NULL, NULL, NULL),
	(1135914705509, 1135914705234, 1135914705199, 1135914705094, 0, 'Comment of Sample Status', '', '2014-05-28 13:05:23', 1135914704004, NULL, 1, NULL, 1, NULL, NULL, NULL),
	(1135914705514, 1135914705234, 1135914705199, 1135914705099, 0, 'Repository Type', 'BEI;BCCM;STEC;NARSA;NCPF;FGSC;OTHER', '2014-05-28 13:05:23', 1135914704004, NULL, 1, NULL, 1, NULL, NULL, NULL),
	(1135914705519, 1135914705234, 1135914705199, 1135914705104, 0, 'Kingdom Classification', '', '2014-05-28 13:05:23', 1135914704004, NULL, 1, NULL, 0, NULL, NULL, NULL),
	(1135914705524, 1135914705234, 1135914705199, 1135914705109, 0, 'Phylum Classification', '', '2014-05-28 13:05:23', 1135914704004, NULL, 1, NULL, 1, NULL, NULL, NULL),
	(1135914705529, 1135914705234, 1135914705199, 1135914705114, 0, 'Order Classification', '', '2014-05-28 13:05:23', 1135914704004, NULL, 1, NULL, 1, NULL, NULL, NULL),
	(1135914705534, 1135914705234, 1135914705199, 1135914705119, 0, 'Family Classification', '', '2014-05-28 13:05:23', 1135914704004, NULL, 1, NULL, 1, NULL, NULL, NULL),
	(1135914705539, 1135914705234, 1135914705199, 1135914705124, 0, 'Class Classification', '', '2014-05-28 13:05:23', 1135914704004, NULL, 1, NULL, 1, NULL, NULL, NULL),
	(1135914705544, 1135914705234, 1135914705204, 1135914705129, 0, 'Annotation accession ID start:end', '', '2014-05-28 13:05:23', 1135914704004, NULL, 1, NULL, 1, NULL, NULL, NULL),
	(1135914705549, 1135914705234, 1135914705204, 1135914705134, 1, 'Annotation event date', '', '2014-05-28 13:05:23', 1135914704004, NULL, 1, NULL, 1, NULL, NULL, NULL),
	(1135914705554, 1135914705234, 1135914705204, 1135914705139, 1, 'Annotation event status', 'Pending;Submitted;Published;Not required', '2014-05-28 13:05:23', 1135914704004, NULL, 1, NULL, 1, NULL, NULL, NULL),
	(1135914705559, 1135914705234, 1135914705209, 1135914705144, 0, 'As generated by SRA', '', '2014-05-28 13:05:23', 1135914704004, NULL, 1, NULL, 1, NULL, NULL, NULL),
	(1135914705564, 1135914705234, 1135914705209, 1135914705149, 0, 'SRA event date', '', '2014-05-28 13:05:23', 1135914704004, NULL, 1, NULL, 1, NULL, NULL, NULL),
	(1135914705569, 1135914705234, 1135914705209, 1135914705154, 0, 'SRA event status', 'Submitted;Published;Not Required', '2014-05-28 13:05:23', 1135914704004, NULL, 1, NULL, 1, NULL, NULL, NULL),
	(1135914705574, 1135914705234, 1135914705214, 1135914705159, 0, 'WGS accession ID', '', '2014-05-28 13:05:23', 1135914704004, NULL, 1, NULL, 1, NULL, NULL, NULL),
	(1135914705579, 1135914705234, 1135914705214, 1135914705164, 1, 'WGS event date', '', '2014-05-28 13:05:23', 1135914704004, NULL, 1, NULL, 1, NULL, NULL, NULL),
	(1135914705584, 1135914705234, 1135914705214, 1135914705169, 1, 'WGS event status', 'Pending;Submitted;Published;Not required', '2014-05-28 13:05:23', 1135914704004, NULL, 1, NULL, 1, NULL, NULL, NULL),
	(1135914705589, 1135914705234, 1135914705219, 1135914705044, 0, 'Genus Classification', '', '2014-05-28 13:05:23', 1135914704004, NULL, 1, NULL, 1, NULL, NULL, NULL),
	(1135914705594, 1135914705234, 1135914705219, 1135914705049, 0, 'Species Classification', '', '2014-05-28 13:05:23', 1135914704004, NULL, 1, NULL, 1, NULL, NULL, NULL),
	(1135914705599, 1135914705234, 1135914705219, 1135914705054, 0, 'Strain Classification', '', '2014-05-28 13:05:23', 1135914704004, NULL, 1, NULL, 1, NULL, NULL, NULL),
	(1135914705604, 1135914705234, 1135914705219, 1135914705059, 0, 'Sample Status', 'Waiting for sample;Received;Sequencing;Analysis;Closure;Completed;Deprecated', '2014-05-28 13:05:23', 1135914704004, NULL, 1, NULL, 1, NULL, NULL, NULL),
	(1135914705609, 1135914705234, 1135914705219, 1135914705064, 0, 'Full organism name', '', '2014-05-28 13:05:23', 1135914704004, NULL, 1, NULL, 1, NULL, NULL, NULL),
	(1135914705614, 1135914705234, 1135914705219, 1135914705069, 0, 'NCBI Taxon ID', '', '2014-05-28 13:05:23', 1135914704004, NULL, 1, NULL, 1, NULL, NULL, NULL),
	(1135914705619, 1135914705234, 1135914705219, 1135914705074, 0, 'NCBI Project ID', '', '2014-05-28 13:05:23', 1135914704004, NULL, 1, NULL, 1, NULL, NULL, NULL),
	(1135914705624, 1135914705234, 1135914705219, 1135914705169, 0, 'wgs status', 'Pending;Submitted;Published;Not required', '2014-05-28 13:05:23', 1135914704004, NULL, 1, NULL, 1, NULL, NULL, NULL),
	(1135914705629, 1135914705234, 1135914705219, 1135914705079, 0, 'Isolate accession number', '', '2014-05-28 13:05:23', 1135914704004, NULL, 1, NULL, 1, NULL, NULL, NULL),
	(1135914705634, 1135914705234, 1135914705219, 1135914705084, 0, 'Superkingdom Classification', '', '2014-05-28 13:05:23', 1135914704004, NULL, 1, NULL, 1, NULL, NULL, NULL),
	(1135914705639, 1135914705234, 1135914705219, 1135914705089, 0, 'Status of DNA respository registration', 'Registered;Pending;Not Required', '2014-05-28 13:05:23', 1135914704004, NULL, 1, NULL, 1, NULL, NULL, NULL),
	(1135914705644, 1135914705234, 1135914705219, 1135914705094, 0, 'Comment of Sample Status', '', '2014-05-28 13:05:23', 1135914704004, NULL, 1, NULL, 1, NULL, NULL, NULL),
	(1135914705649, 1135914705234, 1135914705219, 1135914705099, 0, 'Repository Type', 'BEI;BCCM;STEC;NARSA;NCPF;FGSC;OTHER', '2014-05-28 13:05:23', 1135914704004, NULL, 1, NULL, 1, NULL, NULL, NULL),
	(1135914705654, 1135914705234, 1135914705219, 1135914705104, 0, 'Kingdom Classification', '', '2014-05-28 13:05:23', 1135914704004, NULL, 1, NULL, 1, NULL, NULL, NULL),
	(1135914705659, 1135914705234, 1135914705219, 1135914705109, 0, 'Phylum Classification', '', '2014-05-28 13:05:23', 1135914704004, NULL, 1, NULL, 1, NULL, NULL, NULL),
	(1135914705664, 1135914705234, 1135914705219, 1135914705114, 0, 'Order Classification', '', '2014-05-28 13:05:23', 1135914704004, NULL, 1, NULL, 1, NULL, NULL, NULL),
	(1135914705669, 1135914705234, 1135914705219, 1135914705119, 0, 'Family Classification', '', '2014-05-28 13:05:23', 1135914704004, NULL, 1, NULL, 1, NULL, NULL, NULL),
	(1135914705674, 1135914705234, 1135914705219, 1135914705124, 0, 'Class Classification', '', '2014-05-28 13:05:23', 1135914704004, NULL, 1, NULL, 1, NULL, NULL, NULL),
	(1135914705679, 1135914705234, 1135914705224, 1135914705009, 0, 'NIAID Category', '', '2014-05-28 13:05:23', 1135914704004, NULL, 1, NULL, 0, NULL, NULL, NULL),
	(1135914705684, 1135914705234, 1135914705224, 1135914705014, 0, 'Project group', '', '2014-05-28 13:05:23', 1135914704004, NULL, 1, NULL, 0, NULL, NULL, NULL),
	(1135914705689, 1135914705234, 1135914705224, 1135914705019, 0, 'Name of person leading project', '', '2014-05-28 13:05:23', 1135914704004, NULL, 1, NULL, 0, NULL, NULL, NULL),
	(1135914705694, 1135914705234, 1135914705224, 1135914705024, 0, 'Full project name', '', '2014-05-28 13:05:23', 1135914704004, NULL, 1, NULL, 0, NULL, NULL, NULL),
	(1135914705699, 1135914705234, 1135914705224, 1135914705029, 0, 'Current Status of Project', 'Ongoing;Completed;Deprecated', '2014-05-28 13:05:23', 1135914704004, NULL, 1, NULL, 0, NULL, NULL, NULL),
	(1135914705704, 1135914705234, 1135914705224, 1135914705034, 0, 'Internal Project or Grant Code', '', '2014-05-28 13:05:23', 1135914704004, NULL, 1, NULL, 0, NULL, NULL, NULL),
	(1135914705709, 1135914705234, 1135914705224, 1135914705039, 0, 'Data repositories upon which the project data will be publicly available', '', '2014-05-28 13:05:23', 1135914704004, NULL, 1, NULL, 0, NULL, NULL, NULL),
	(1135914705714, 1135914705234, 1135914705229, 1135914705174, 0, 'dbSNP assigned accession', '', '2014-05-28 13:05:23', 1135914704004, NULL, 1, NULL, 1, NULL, NULL, NULL),
	(1135914705719, 1135914705234, 1135914705229, 1135914705179, 0, 'dbSNP submission date', '', '2014-05-28 13:05:23', 1135914704004, NULL, 1, NULL, 1, NULL, NULL, NULL),
	(1135914705724, 1135914705234, 1135914705229, 1135914705184, 0, 'dbSNP submission status', 'Pending;Submitted;Published;Not required', '2014-05-28 13:05:23', 1135914704004, NULL, 1, NULL, 1, NULL, NULL, NULL),
	(1135914705729, 1135914705234, 1135914705229, 1135914705189, 0, 'Other link to SNP analysis', '', '2014-05-28 13:05:23', 1135914704004, NULL, 1, NULL, 1, NULL, NULL, NULL);


